date, pm25
2026/9/1, 336
2026/9/2, 407
2026/9/3, 451
2026/9/4, 292
2026/9/5, 290
2026/9/6, 389
2026/9/7, 368
2026/9/8, 335
2026/9/9, 300
2026/9/10, 306
2026/9/11, 300
2026/9/12, 513
2026/9/13, 446
2026/9/14, 344
2026/9/15, 386
2026/9/16, 398
2026/9/17, 321
2026/9/18, 238
2026/9/19, 414
2026/9/20, 416
2026/9/21, 258
2026/9/22, 247
2026/9/23, 335
2026/9/24, 195
2026/9/25, 228
2026/9/26, 216
2026/8/1, 97
2026/8/2, 118
2026/8/3, 137
2026/8/4, 124
2026/8/5, 155
2026/8/6, 170
2026/8/7, 156
2026/8/8, 182
2026/8/9, 221
2026/8/10, 206
2026/8/11, 246
2026/8/12, 201
2026/8/13, 176
2026/8/14, 157
2026/8/15, 158
2026/8/16, 172
2026/8/17, 219
2026/8/18, 203
2026/8/19, 230
2026/8/20, 186
2026/8/21, 232
2026/8/22, 236
2026/8/23, 223
2026/8/24, 199
2026/8/25, 229
2026/8/26, 288
2026/8/27, 311
2026/8/28, 344
2026/8/29, 400
2026/8/30, 381
2026/8/31, 324
2026/7/1, 41
2026/7/2, 54
2026/7/3, 63
2026/7/4, 66
2026/7/5, 78
2026/7/6, 35
2026/7/7, 35
2026/7/8, 71
2026/7/9, 80
2026/7/10, 90
2026/7/11, 93
2026/7/12, 91
2026/7/13, 94
2026/7/14, 111
2026/7/15, 100
2026/7/16, 92
2026/7/17, 103
2026/7/18, 85
2026/7/19, 109
2026/7/20, 127
2026/7/21, 133
2026/7/22, 124
2026/7/23, 119
2026/7/24, 130
2026/7/25, 168
2026/7/26, 154
2026/7/27, 146
2026/7/28, 200
2026/7/29, 123
2026/7/30, 94
2026/7/31, 122
2026/4/1, 62
2026/4/2, 44
2026/4/3, 45
2026/4/4, 54
2026/4/13, 78
2026/4/14, 68
2026/4/15, 50
2026/4/16, 52
2026/4/17, 50
2026/4/18, 48
2026/4/19, 52
2026/4/20, 53
2026/4/21, 78
2026/4/22, 43
2026/4/23, 65
2026/4/24, 57
2026/4/25, 99
2026/4/26, 72
2026/4/27, 71
2026/4/28, 42
2026/4/29, 55
2026/4/30, 54
2026/5/1, 37
2026/5/2, 63
2026/5/3, 49
2026/5/4, 46
2026/5/5, 48
2026/5/6, 49
2026/5/7, 31
2026/5/8, 33
2026/5/9, 39
2026/5/10, 54
2026/5/11, 47
2026/5/12, 75
2026/5/13, 89
2026/5/14, 30
2026/5/15, 21
2026/5/16, 34
2026/5/17, 33
2026/5/18, 43
2026/5/19, 44
2026/5/20, 71
2026/5/21, 71
2026/5/22, 38
2026/5/23, 44
2026/5/24, 74
2026/5/25, 57
2026/5/26, 44
2026/5/27, 52
2026/5/28, 68
2026/5/29, 71
2026/5/30, 50
2026/5/31, 69
2026/6/1, 80
2026/6/2, 106
2026/6/3, 66
2026/6/4, 82
2026/6/5, 67
2026/6/6, 79
2026/6/7, 57
2026/6/8, 31
2026/6/9, 38
2026/6/10, 39
2026/6/11, 50
2026/6/12, 49
2026/6/13, 62
2026/6/14, 49
2026/6/15, 54
2026/6/16, 23
2026/6/17, 29
2026/6/18, 30
2026/6/19, 40
2026/6/20, 47
2026/6/21, 30
2026/6/22, 37
2026/6/23, 46
2026/6/24, 70
2026/6/25, 89
2026/6/26, 48
2026/6/27, 67
2026/6/28, 25
2026/6/29, 31
2026/6/30, 50
2026/1/1, 55
2026/1/2, 78
2026/1/3, 151
2026/1/4, 45
2026/1/5, 49
2026/1/6, 55
2026/1/7, 46
2026/1/8, 35
2026/1/9, 27
2026/1/10, 44
2026/1/11, 50
2026/1/12, 41
2026/1/13, 54
2026/1/14, 56
2026/1/15, 54
2026/1/16, 60
2026/1/17, 73
2026/1/18, 81
2026/1/19, 79
2026/1/20, 98
2026/1/21, 113
2026/1/22, 144
2026/1/23, 105
2026/1/24, 118
2026/1/25, 94
2026/1/26, 114
2026/1/27, 124
2026/1/28, 133
2026/1/29, 133
2026/1/30, 119
2026/1/31, 172
2026/2/1, 208
2026/2/2, 116
2026/2/3, 111
2026/2/4, 63
2026/2/5, 69
2026/2/6, 91
2026/2/7, 57
2026/2/8, 77
2026/2/9, 73
2026/2/10, 126
2026/2/11, 102
2026/2/12, 101
2026/2/13, 80
2026/2/14, 76
2026/2/15, 87
2026/2/16, 102
2026/2/17, 159
2026/2/18, 44
2026/2/19, 59
2026/2/20, 37
2026/2/21, 38
2026/2/22, 47
2026/2/23, 41
2026/2/24, 36
2026/2/25, 63
2026/2/26, 55
2026/2/27, 67
2026/2/28, 79
2026/3/1, 117
2026/3/2, 120
2026/3/3, 183
2026/3/4, 121
2026/3/5, 175
2026/3/6, 114
2026/3/7, 104
2026/3/8, 104
2026/3/9, 101
2026/3/10, 107
2026/3/11, 71
2026/3/14, 64
2026/3/15, 66
2026/3/16, 48
2026/3/17, 58
2026/3/18, 60
2026/3/19, 58
2026/3/20, 64
2026/3/21, 64
2026/3/22, 73
2026/3/23, 103
2026/3/24, 107
2026/3/25, 109
2026/3/26, 123
2026/3/27, 165
2026/3/28, 165
2026/3/29, 143
2026/3/30, 95
2026/3/31, 58
2025/10/1, 24
2025/10/2, 60
2025/10/3, 83
2025/10/4, 44
2025/10/5, 61
2025/10/6, 69
2025/10/7, 32
2025/10/8, 37
2025/10/9, 30
2025/10/10, 11
2025/10/11, 47
2025/10/12, 138
2025/10/13, 51
2025/10/14, 28
2025/10/15, 52
2025/10/16, 29
2025/10/17, 13
2025/10/18, 45
2025/10/19, 45
2025/10/20, 77
2025/10/21, 51
2025/10/22, 68
2025/10/23, 73
2025/10/24, 59
2025/10/25, 18
2025/10/26, 36
2025/10/27, 55
2025/10/28, 57
2025/10/29, 58
2025/10/30, 57
2025/10/31, 84
2025/11/1, 88
2025/11/2, 65
2025/11/3, 74
2025/11/4, 92
2025/11/5, 41
2025/11/6, 41
2025/11/7, 41
2025/11/8, 81
2025/11/9, 156
2025/11/10, 79
2025/11/11, 62
2025/11/12, 50
2025/11/13, 31
2025/11/14, 44
2025/11/15, 38
2025/11/16, 57
2025/11/17, 30
2025/11/18, 35
2025/11/19, 54
2025/11/20, 85
2025/11/21, 74
2025/11/23, 46
2025/11/24, 41
2025/11/25, 56
2025/11/27, 120
2025/11/28, 142
2025/11/29, 56
2025/11/30, 51
2025/12/1, 68
2025/12/3, 36
2025/12/4, 59
2025/12/5, 20
2025/12/6, 58
2025/12/7, 52
2025/12/8, 9
2025/12/9, 69
2025/12/10, 40
2025/12/11, 93
2025/12/12, 88
2025/12/13, 15
2025/12/14, 31
2025/12/15, 6
2025/12/16, 62
2025/12/17, 109
2025/12/18, 155
2025/12/19, 115
2025/12/20, 73
2025/12/21, 35
2025/12/22, 89
2025/12/23, 59
2025/12/25, 152
2025/12/26, 46
2025/12/27, 24
2025/12/28, 51
2025/7/1, 101
2025/7/2, 124
2025/7/3, 99
2025/7/4, 90
2025/7/5, 68
2025/7/6, 45
2025/7/7, 70
2025/7/8, 63
2025/7/9, 102
2025/7/10, 69
2025/7/11, 86
2025/7/12, 78
2025/7/13, 68
2025/7/14, 61
2025/7/15, 62
2025/7/16, 77
2025/7/17, 92
2025/7/18, 78
2025/7/19, 91
2025/7/20, 107
2025/7/21, 133
2025/7/22, 121
2025/7/23, 137
2025/7/24, 160
2025/7/25, 124
2025/7/26, 130
2025/7/27, 125
2025/7/28, 127
2025/7/29, 95
2025/7/30, 191
2025/7/31, 133
2025/8/1, 111
2025/8/2, 70
2025/8/3, 46
2025/8/4, 24
2025/8/5, 39
2025/8/6, 61
2025/8/7, 74
2025/8/8, 53
2025/8/9, 47
2025/8/10, 37
2025/8/11, 39
2025/8/12, 33
2025/8/13, 44
2025/8/14, 29
2025/8/15, 67
2025/8/16, 61
2025/8/17, 61
2025/8/18, 48
2025/8/19, 44
2025/8/20, 37
2025/8/21, 50
2025/8/22, 67
2025/8/23, 58
2025/8/24, 45
2025/8/25, 38
2025/8/26, 72
2025/8/27, 81
2025/8/28, 107
2025/8/29, 94
2025/8/30, 81
2025/8/31, 69
2025/9/1, 43
2025/9/2, 53
2025/9/3, 43
2025/9/4, 53
2025/9/5, 26
2025/9/6, 13
2025/9/7, 33
2025/9/8, 34
2025/9/9, 66
2025/9/10, 56
2025/9/11, 23
2025/9/12, 65
2025/9/13, 73
2025/9/14, 61
2025/9/15, 59
2025/9/16, 29
2025/9/17, 11
2025/9/18, 32
2025/9/19, 40
2025/9/20, 20
2025/9/21, 43
2025/9/22, 56
2025/9/23, 24
2025/9/24, 69
2025/9/25, 167
2025/9/26, 135
2025/9/27, 62
2025/9/28, 100
2025/9/29, 29
2025/9/30, 21
2025/4/1, 47
2025/4/2, 45
2025/4/3, 41
2025/4/4, 36
2025/4/5, 31
2025/4/6, 26
2025/4/13, 38
2025/4/14, 27
2025/4/15, 26
2025/4/16, 52
2025/4/17, 34
2025/4/18, 36
2025/4/19, 61
2025/4/20, 50
2025/4/21, 23
2025/4/22, 24
2025/4/23, 37
2025/4/24, 59
2025/4/25, 57
2025/4/26, 44
2025/4/27, 47
2025/4/28, 58
2025/4/29, 54
2025/4/30, 45
2025/5/1, 62
2025/5/2, 74
2025/5/3, 88
2025/5/4, 98
2025/5/5, 89
2025/5/6, 104
2025/5/7, 80
2025/5/8, 74
2025/5/9, 61
2025/5/10, 61
2025/5/11, 60
2025/5/12, 36
2025/5/13, 50
2025/5/14, 41
2025/5/15, 33
2025/5/16, 40
2025/5/17, 30
2025/5/19, 63
2025/5/20, 58
2025/5/21, 57
2025/5/22, 69
2025/5/23, 61
2025/5/24, 57
2025/5/25, 53
2025/5/26, 57
2025/5/27, 66
2025/5/28, 89
2025/5/29, 90
2025/5/30, 70
2025/5/31, 75
2025/6/1, 62
2025/6/2, 42
2025/6/3, 84
2025/6/4, 76
2025/6/5, 86
2025/6/6, 53
2025/6/7, 48
2025/6/8, 108
2025/6/9, 126
2025/6/10, 114
2025/6/11, 102
2025/6/12, 92
2025/6/13, 96
2025/6/14, 47
2025/6/15, 34
2025/6/16, 36
2025/6/17, 42
2025/6/18, 43
2025/6/19, 26
2025/6/20, 43
2025/6/21, 63
2025/6/22, 71
2025/6/23, 86
2025/6/24, 56
2025/6/25, 89
2025/6/26, 109
2025/6/27, 102
2025/6/28, 52
2025/6/29, 87
2025/6/30, 61
2025/1/1, 44
2025/1/2, 47
2025/1/3, 42
2025/1/4, 43
2025/1/5, 26
2025/1/6, 48
2025/1/7, 27
2025/1/8, 34
2025/1/9, 29
2025/1/10, 32
2025/1/11, 40
2025/1/12, 23
2025/1/13, 28
2025/1/14, 21
2025/1/15, 25
2025/1/16, 16
2025/1/17, 52
2025/1/18, 26
2025/1/19, 22
2025/1/20, 33
2025/1/21, 20
2025/1/22, 16
2025/1/23, 31
2025/1/24, 38
2025/1/25, 32
2025/1/26, 36
2025/1/27, 17
2025/1/28, 21
2025/1/29, 48
2025/1/30, 41
2025/1/31, 48
2025/2/1, 43
2025/2/2, 40
2025/2/3, 47
2025/2/4, 47
2025/2/5, 36
2025/2/6, 53
2025/2/7, 57
2025/2/8, 57
2025/2/9, 48
2025/2/10, 40
2025/2/11, 62
2025/2/12, 57
2025/2/14, 111
2025/2/15, 97
2025/2/16, 82
2025/2/17, 97
2025/2/18, 135
2025/2/19, 89
2025/2/20, 63
2025/2/21, 71
2025/2/22, 48
2025/2/23, 48
2025/2/24, 31
2025/2/25, 35
2025/2/26, 46
2025/2/27, 53
2025/2/28, 32
2025/3/1, 34
2025/3/2, 23
2025/3/3, 27
2025/3/4, 37
2025/3/5, 24
2025/3/6, 40
2025/3/7, 25
2025/3/8, 26
2025/3/9, 25
2025/3/10, 16
2025/3/11, 50
2025/3/12, 60
2025/3/13, 32
2025/3/14, 27
2025/3/15, 46
2025/3/16, 45
2025/3/17, 25
2025/3/18, 38
2025/3/19, 31
2025/3/20, 16
2025/3/21, 31
2025/3/22, 38
2025/3/23, 59
2025/3/24, 37
2025/3/25, 38
2025/3/26, 59
2025/3/27, 67
2025/3/28, 101
2025/3/29, 101
2025/3/30, 60
2025/3/31, 40
2024/10/1, 45
2024/10/2, 42
2024/10/3, 51
2024/10/4, 67
2024/10/5, 61
2024/10/6, 34
2024/10/7, 37
2024/10/8, 38
2024/10/9, 42
2024/10/10, 49
2024/10/11, 39
2024/10/12, 36
2024/10/13, 34
2024/10/14, 25
2024/10/15, 35
2024/10/16, 53
2024/10/17, 45
2024/10/18, 78
2024/10/19, 54
2024/10/20, 45
2024/10/21, 48
2024/10/22, 96
2024/10/23, 98
2024/10/24, 102
2024/10/25, 129
2024/10/26, 109
2024/10/27, 113
2024/10/28, 131
2024/10/29, 120
2024/10/30, 214
2024/10/31, 107
2024/11/1, 64
2024/11/2, 76
2024/11/3, 60
2024/11/4, 40
2024/11/5, 53
2024/11/6, 65
2024/11/7, 50
2024/11/8, 56
2024/11/9, 53
2024/11/10, 30
2024/11/11, 36
2024/11/12, 56
2024/11/13, 56
2024/11/14, 70
2024/11/15, 66
2024/11/16, 49
2024/11/17, 49
2024/11/18, 33
2024/11/19, 40
2024/11/20, 36
2024/11/21, 28
2024/11/22, 39
2024/11/23, 33
2024/11/24, 21
2024/11/25, 27
2024/11/26, 24
2024/11/27, 25
2024/11/28, 23
2024/11/29, 28
2024/11/30, 54
2024/12/1, 72
2024/12/2, 44
2024/12/3, 48
2024/12/4, 39
2024/12/5, 47
2024/12/6, 48
2024/12/7, 66
2024/12/8, 48
2024/12/9, 30
2024/12/16, 59
2024/12/17, 31
2024/12/18, 20
2024/12/19, 14
2024/12/20, 12
2024/12/21, 12
2024/12/22, 34
2024/12/23, 39
2024/12/24, 53
2024/12/25, 60
2024/12/26, 42
2024/12/27, 40
2024/12/28, 46
2024/12/29, 36
2024/7/1, 43
2024/7/2, 41
2024/7/3, 65
2024/7/4, 55
2024/7/5, 38
2024/7/6, 50
2024/7/7, 35
2024/7/8, 65
2024/7/9, 71
2024/7/10, 54
2024/7/11, 22
2024/7/12, 70
2024/7/13, 88
2024/7/14, 65
2024/7/15, 91
2024/7/16, 81
2024/7/17, 87
2024/7/18, 94
2024/7/19, 85
2024/7/20, 82
2024/7/21, 80
2024/7/22, 81
2024/7/23, 122
2024/7/24, 116
2024/7/25, 122
2024/7/26, 112
2024/7/27, 116
2024/7/28, 137
2024/7/29, 121
2024/7/30, 113
2024/7/31, 120
2024/8/1, 76
2024/8/2, 88
2024/8/3, 68
2024/8/4, 75
2024/8/5, 81
2024/8/6, 83
2024/8/7, 55
2024/8/8, 35
2024/8/9, 30
2024/8/10, 65
2024/8/11, 57
2024/8/12, 62
2024/8/13, 76
2024/8/14, 61
2024/8/15, 55
2024/8/16, 38
2024/8/17, 37
2024/8/18, 38
2024/8/19, 48
2024/8/20, 42
2024/8/21, 43
2024/8/22, 42
2024/8/23, 37
2024/8/24, 39
2024/8/25, 38
2024/8/26, 47
2024/8/27, 37
2024/8/28, 42
2024/8/29, 30
2024/8/30, 37
2024/8/31, 68
2024/9/1, 76
2024/9/2, 70
2024/9/3, 63
2024/9/4, 93
2024/9/5, 100
2024/9/6, 86
2024/9/7, 67
2024/9/8, 55
2024/9/9, 26
2024/9/10, 34
2024/9/11, 42
2024/9/12, 60
2024/9/13, 65
2024/9/14, 85
2024/9/15, 84
2024/9/16, 96
2024/9/17, 121
2024/9/18, 125
2024/9/19, 94
2024/9/20, 98
2024/9/21, 105
2024/9/22, 79
2024/9/23, 41
2024/9/24, 63
2024/9/25, 72
2024/9/26, 65
2024/9/27, 55
2024/9/28, 52
2024/9/29, 30
2024/9/30, 27
2024/4/1, 33
2024/4/2, 20
2024/4/3, 43
2024/4/4, 40
2024/4/5, 42
2024/4/6, 81
2024/4/7, 61
2024/4/8, 70
2024/4/9, 64
2024/4/10, 42
2024/4/11, 25
2024/4/12, 19
2024/4/13, 33
2024/4/14, 26
2024/4/15, 39
2024/4/16, 36
2024/4/18, 36
2024/4/19, 52
2024/4/20, 40
2024/4/21, 42
2024/4/22, 40
2024/4/23, 41
2024/4/24, 45
2024/4/25, 39
2024/4/26, 37
2024/4/27, 50
2024/4/28, 43
2024/4/29, 38
2024/4/30, 52
2024/5/1, 62
2024/5/2, 40
2024/5/3, 34
2024/5/4, 50
2024/5/5, 35
2024/5/6, 53
2024/5/7, 73
2024/5/8, 61
2024/5/9, 37
2024/5/10, 73
2024/5/11, 30
2024/5/12, 30
2024/5/13, 53
2024/5/14, 65
2024/5/15, 50
2024/5/16, 52
2024/5/17, 49
2024/5/18, 34
2024/5/19, 34
2024/5/20, 32
2024/5/21, 52
2024/5/22, 22
2024/5/23, 46
2024/5/24, 40
2024/5/25, 44
2024/5/26, 36
2024/5/27, 59
2024/5/28, 42
2024/5/29, 56
2024/5/30, 90
2024/5/31, 42
2024/6/1, 40
2024/6/3, 49
2024/6/4, 39
2024/6/5, 52
2024/6/6, 52
2024/6/7, 56
2024/6/8, 55
2024/6/9, 75
2024/6/10, 52
2024/6/11, 62
2024/6/12, 52
2024/6/13, 50
2024/6/14, 64
2024/6/15, 71
2024/6/16, 69
2024/6/17, 80
2024/6/18, 53
2024/6/19, 52
2024/6/20, 39
2024/6/21, 50
2024/6/22, 38
2024/6/23, 54
2024/6/24, 50
2024/6/25, 61
2024/6/26, 37
2024/6/27, 45
2024/6/28, 45
2024/6/29, 56
2024/6/30, 34
2024/1/1, 32
2024/1/2, 18
2024/1/3, 33
2024/1/4, 53
2024/1/5, 33
2024/1/6, 56
2024/1/7, 44
2024/1/8, 43
2024/1/9, 41
2024/1/10, 55
2024/1/11, 50
2024/1/12, 40
2024/1/13, 36
2024/1/14, 34
2024/1/15, 33
2024/1/16, 34
2024/1/17, 30
2024/1/18, 33
2024/1/19, 42
2024/1/20, 37
2024/1/21, 40
2024/1/22, 53
2024/1/23, 71
2024/1/24, 64
2024/1/25, 65
2024/1/26, 65
2024/1/27, 55
2024/1/28, 51
2024/1/29, 44
2024/1/30, 41
2024/1/31, 45
2024/2/1, 51
2024/2/2, 40
2024/2/3, 40
2024/2/4, 49
2024/2/5, 59
2024/2/6, 58
2024/2/7, 66
2024/2/8, 80
2024/2/9, 62
2024/2/10, 69
2024/2/11, 65
2024/2/12, 43
2024/2/13, 51
2024/2/14, 47
2024/2/15, 39
2024/2/16, 54
2024/2/17, 52
2024/2/18, 45
2024/2/19, 51
2024/2/20, 43
2024/2/21, 40
2024/2/22, 39
2024/2/23, 49
2024/2/24, 42
2024/2/25, 49
2024/2/26, 59
2024/2/27, 73
2024/2/28, 61
2024/2/29, 54
2024/3/1, 49
2024/3/2, 28
2024/3/3, 38
2024/3/4, 27
2024/3/5, 30
2024/3/6, 32
2024/3/7, 28
2024/3/8, 36
2024/3/9, 37
2024/3/10, 55
2024/3/11, 50
2024/3/12, 48
2024/3/13, 55
2024/3/14, 66
2024/3/15, 81
2024/3/16, 88
2024/3/17, 69
2024/3/18, 74
2024/3/19, 86
2024/3/20, 60
2024/3/21, 59
2024/3/22, 80
2024/3/23, 64
2024/3/24, 34
2024/3/25, 27
2024/3/26, 53
2024/3/27, 29
2024/3/28, 37
2024/3/29, 41
2024/3/30, 35
2024/3/31, 27
2023/10/1, 111
2023/10/2, 135
2023/10/3, 140
2023/10/4, 155
2023/10/5, 145
2023/10/6, 144
2023/10/7, 143
2023/10/8, 105
2023/10/9, 65
2023/10/10, 55
2023/10/11, 86
2023/10/12, 111
2023/10/13, 114
2023/10/14, 119
2023/10/15, 106
2023/10/16, 125
2023/10/17, 85
2023/10/18, 71
2023/10/19, 74
2023/10/20, 69
2023/10/21, 63
2023/10/22, 62
2023/10/23, 48
2023/10/24, 52
2023/10/25, 44
2023/10/26, 58
2023/10/27, 54
2023/10/28, 42
2023/10/29, 39
2023/10/30, 51
2023/10/31, 54
2023/11/1, 62
2023/11/2, 88
2023/11/3, 61
2023/11/4, 49
2023/11/5, 49
2023/11/6, 51
2023/11/7, 35
2023/11/8, 56
2023/11/9, 49
2023/11/10, 52
2023/11/11, 49
2023/11/12, 38
2023/11/13, 52
2023/11/14, 64
2023/11/15, 57
2023/11/16, 58
2023/11/17, 41
2023/11/18, 57
2023/11/19, 43
2023/11/20, 60
2023/11/21, 71
2023/11/22, 48
2023/11/23, 38
2023/11/24, 35
2023/11/25, 46
2023/11/26, 28
2023/11/27, 30
2023/11/28, 44
2023/11/29, 56
2023/11/30, 73
2023/12/1, 53
2023/12/2, 51
2023/12/3, 46
2023/12/4, 35
2023/12/5, 44
2023/12/6, 43
2023/12/7, 42
2023/12/8, 57
2023/12/9, 70
2023/12/10, 34
2023/12/11, 37
2023/12/12, 43
2023/12/13, 49
2023/12/14, 58
2023/12/15, 46
2023/12/16, 84
2023/12/17, 62
2023/12/18, 62
2023/12/19, 54
2023/12/20, 46
2023/12/21, 39
2023/12/22, 45
2023/12/23, 64
2023/12/24, 76
2023/12/25, 53
2023/12/26, 41
2023/12/27, 55
2023/12/28, 51
2023/12/29, 37
2023/12/30, 46
2023/12/31, 43
2023/7/1, 46
2023/7/2, 33
2023/7/3, 40
2023/7/4, 56
2023/7/5, 48
2023/7/6, 45
2023/7/7, 70
2023/7/8, 62
2023/7/9, 37
2023/7/10, 34
2023/7/11, 43
2023/7/12, 57
2023/7/13, 72
2023/7/14, 76
2023/7/15, 62
2023/7/16, 83
2023/7/17, 78
2023/7/18, 100
2023/7/19, 102
2023/7/20, 32
2023/7/21, 33
2023/7/22, 44
2023/7/23, 52
2023/7/24, 74
2023/7/25, 93
2023/7/26, 106
2023/7/27, 114
2023/7/28, 122
2023/7/29, 117
2023/7/30, 136
2023/7/31, 137
2023/8/1, 128
2023/8/2, 77
2023/8/3, 56
2023/8/4, 100
2023/8/5, 105
2023/8/6, 114
2023/8/7, 83
2023/8/8, 107
2023/8/9, 125
2023/8/10, 123
2023/8/11, 115
2023/8/12, 133
2023/8/13, 171
2023/8/14, 159
2023/8/15, 170
2023/8/16, 200
2023/8/17, 236
2023/8/18, 156
2023/8/19, 162
2023/8/20, 166
2023/8/21, 153
2023/8/22, 149
2023/8/23, 210
2023/8/24, 61
2023/8/25, 45
2023/8/26, 53
2023/8/27, 72
2023/8/28, 73
2023/8/29, 81
2023/8/30, 123
2023/8/31, 110
2023/9/1, 124
2023/9/2, 156
2023/9/3, 181
2023/9/4, 165
2023/9/5, 192
2023/9/6, 133
2023/9/7, 98
2023/9/8, 99
2023/9/9, 110
2023/9/10, 123
2023/9/11, 137
2023/9/12, 141
2023/9/13, 132
2023/9/14, 112
2023/9/15, 120
2023/9/16, 73
2023/9/17, 92
2023/9/18, 73
2023/9/19, 48
2023/9/20, 53
2023/9/21, 96
2023/9/22, 119
2023/9/23, 96
2023/9/24, 105
2023/9/25, 127
2023/9/26, 156
2023/9/27, 183
2023/9/28, 157
2023/9/29, 90
2023/9/30, 93
2023/4/1, 39
2023/4/2, 46
2023/4/3, 50
2023/4/4, 46
2023/4/5, 75
2023/4/6, 67
2023/4/7, 36
2023/4/8, 51
2023/4/9, 70
2023/4/10, 61
2023/4/11, 83
2023/4/12, 96
2023/4/13, 111
2023/4/14, 137
2023/4/15, 137
2023/4/16, 147
2023/4/17, 85
2023/4/18, 74
2023/4/19, 95
2023/4/20, 96
2023/4/21, 62
2023/4/22, 49
2023/4/23, 36
2023/4/24, 35
2023/4/25, 32
2023/4/26, 38
2023/4/27, 44
2023/4/28, 61
2023/4/29, 42
2023/4/30, 46
2023/5/1, 44
2023/5/2, 49
2023/5/3, 45
2023/5/4, 57
2023/5/5, 85
2023/5/6, 56
2023/5/7, 67
2023/5/8, 53
2023/5/9, 53
2023/5/10, 58
2023/5/11, 65
2023/5/12, 70
2023/5/13, 44
2023/5/14, 35
2023/5/15, 57
2023/5/16, 75
2023/5/17, 73
2023/5/18, 98
2023/5/19, 104
2023/5/20, 58
2023/5/21, 79
2023/5/22, 84
2023/5/23, 82
2023/5/24, 80
2023/5/25, 92
2023/5/26, 108
2023/5/27, 118
2023/5/28, 89
2023/5/29, 105
2023/5/30, 93
2023/5/31, 81
2023/6/1, 79
2023/6/2, 67
2023/6/3, 73
2023/6/4, 62
2023/6/5, 55
2023/6/6, 65
2023/6/7, 46
2023/6/8, 38
2023/6/9, 26
2023/6/10, 49
2023/6/11, 59
2023/6/12, 48
2023/6/13, 62
2023/6/14, 83
2023/6/15, 61
2023/6/16, 46
2023/6/17, 64
2023/6/18, 76
2023/6/19, 91
2023/6/20, 90
2023/6/21, 78
2023/6/22, 84
2023/6/23, 73
2023/6/24, 86
2023/6/25, 75
2023/6/26, 72
2023/6/27, 99
2023/6/28, 108
2023/6/29, 101
2023/6/30, 69
2023/1/2, 65
2023/1/3, 83
2023/1/4, 57
2023/1/5, 56
2023/1/6, 68
2023/1/7, 90
2023/1/8, 59
2023/1/9, 63
2023/1/10, 59
2023/1/11, 93
2023/1/12, 80
2023/1/13, 89
2023/1/14, 61
2023/1/15, 75
2023/1/16, 69
2023/1/17, 76
2023/1/18, 88
2023/1/19, 76
2023/1/20, 62
2023/1/21, 46
2023/1/22, 81
2023/1/23, 47
2023/1/24, 41
2023/1/25, 64
2023/1/26, 45
2023/1/27, 38
2023/1/28, 69
2023/1/29, 23
2023/1/30, 29
2023/1/31, 40
2023/2/1, 34
2023/2/2, 28
2023/2/3, 47
2023/2/4, 48
2023/2/5, 40
2023/2/6, 66
2023/2/7, 59
2023/2/8, 68
2023/2/9, 95
2023/2/10, 84
2023/2/11, 58
2023/2/12, 104
2023/2/13, 45
2023/2/14, 45
2023/2/15, 57
2023/2/16, 54
2023/2/17, 58
2023/2/18, 48
2023/2/19, 50
2023/2/20, 75
2023/2/21, 72
2023/2/22, 92
2023/2/23, 96
2023/2/24, 76
2023/2/25, 84
2023/2/26, 34
2023/2/27, 40
2023/2/28, 44
2023/3/1, 31
2023/3/2, 35
2023/3/3, 44
2023/3/4, 35
2023/3/5, 26
2023/3/6, 46
2023/3/7, 59
2023/3/8, 55
2023/3/9, 62
2023/3/10, 35
2023/3/11, 43
2023/3/12, 30
2023/3/13, 40
2023/3/14, 57
2023/3/15, 57
2023/3/16, 49
2023/3/17, 52
2023/3/18, 46
2023/3/19, 36
2023/3/20, 36
2023/3/21, 39
2023/3/22, 63
2023/3/23, 62
2023/3/24, 39
2023/3/25, 32
2023/3/26, 45
2023/3/27, 53
2023/3/28, 35
2023/3/29, 47
2023/3/30, 40
2023/3/31, 32
2022/10/1, 51
2022/10/2, 36
2022/10/3, 42
2022/10/4, 19
2022/10/5, 40
2022/10/6, 31
2022/10/7, 43
2022/10/8, 30
2022/10/9, 32
2022/10/10, 54
2022/10/11, 40
2022/10/12, 45
2022/10/13, 59
2022/10/14, 71
2022/10/15, 64
2022/10/16, 50
2022/10/17, 39
2022/10/18, 42
2022/10/19, 34
2022/10/20, 36
2022/10/21, 33
2022/10/22, 39
2022/10/23, 34
2022/10/24, 70
2022/10/25, 44
2022/10/26, 78
2022/10/27, 44
2022/10/28, 53
2022/10/29, 47
2022/10/30, 72
2022/10/31, 59
2022/11/1, 52
2022/11/2, 67
2022/11/3, 53
2022/11/4, 52
2022/11/5, 49
2022/11/6, 34
2022/11/7, 43
2022/11/8, 53
2022/11/9, 52
2022/11/10, 77
2022/11/11, 65
2022/11/12, 50
2022/11/13, 50
2022/11/14, 46
2022/11/15, 41
2022/11/16, 51
2022/11/17, 67
2022/11/18, 40
2022/11/19, 47
2022/11/20, 49
2022/11/21, 70
2022/11/22, 79
2022/11/23, 96
2022/11/24, 41
2022/11/25, 49
2022/11/26, 70
2022/11/27, 67
2022/11/28, 53
2022/11/29, 83
2022/11/30, 56
2022/12/1, 48
2022/12/2, 44
2022/12/3, 28
2022/12/4, 96
2022/12/5, 80
2022/12/6, 14
2022/12/7, 49
2022/12/8, 34
2022/12/9, 43
2022/12/10, 47
2022/12/11, 53
2022/12/12, 56
2022/12/13, 51
2022/12/14, 38
2022/12/15, 32
2022/12/16, 44
2022/12/17, 48
2022/12/18, 52
2022/12/19, 45
2022/12/20, 51
2022/12/21, 71
2022/12/22, 52
2022/12/23, 20
2022/12/24, 46
2022/12/25, 49
2022/12/26, 51
2022/12/27, 52
2022/12/28, 55
2022/12/29, 64
2022/12/30, 66
2022/12/31, 67
2023/1/1, 64
2022/7/11, 78
2022/7/25, 22
2022/8/31, 34
2022/9/1, 54
2022/9/2, 34
2022/9/3, 60
2022/9/4, 46
2022/9/5, 73
2022/9/6, 66
2022/9/7, 69
2022/9/8, 50
2022/9/9, 53
2022/9/10, 42
2022/9/11, 51
2022/9/12, 58
2022/9/13, 47
2022/9/14, 46
2022/9/15, 63
2022/9/16, 39
2022/9/17, 40
2022/9/18, 40
2022/9/19, 43
2022/9/20, 34
2022/9/21, 56
2022/9/22, 68
2022/9/23, 47
2022/9/24, 81
2022/9/25, 53
2022/9/26, 32
2022/9/27, 56
2022/9/28, 87
2022/9/29, 58
2022/9/30, 70
2022/4/1, 131
2022/4/2, 115
2022/4/3, 132
2022/4/4, 135
2022/4/5, 103
2022/4/6, 58
2022/4/7, 53
2022/4/8, 39
2022/4/9, 32
2022/4/10, 32
2022/4/11, 60
2022/4/12, 83
2022/4/13, 69
2022/4/14, 86
2022/4/15, 73
2022/4/16, 50
2022/4/17, 48
2022/4/18, 43
2022/4/19, 42
2022/4/20, 64
2022/4/21, 52
2022/4/22, 44
2022/4/23, 55
2022/4/24, 37
2022/4/25, 36
2022/4/26, 51
2022/4/27, 47
2022/4/30, 99
2022/5/8, 31
2022/6/23, 33
2022/6/24, 38
2022/6/28, 73
2022/1/3, 56
2022/1/4, 54
2022/1/5, 56
2022/1/6, 60
2022/1/7, 47
2022/1/8, 61
2022/1/9, 43
2022/1/10, 52
2022/1/11, 53
2022/1/12, 39
2022/1/13, 42
2022/1/14, 41
2022/1/15, 44
2022/1/16, 60
2022/1/17, 51
2022/1/18, 46
2022/1/19, 46
2022/1/20, 40
2022/1/21, 56
2022/1/22, 57
2022/1/23, 59
2022/1/24, 56
2022/1/25, 65
2022/1/26, 84
2022/1/27, 70
2022/1/28, 64
2022/1/29, 85
2022/1/30, 94
2022/1/31, 98
2022/2/1, 91
2022/2/2, 76
2022/2/3, 82
2022/2/4, 79
2022/2/5, 33
2022/2/6, 49
2022/2/7, 54
2022/2/8, 39
2022/2/9, 40
2022/2/10, 28
2022/2/11, 33
2022/2/12, 43
2022/2/13, 42
2022/2/14, 59
2022/2/15, 34
2022/2/16, 55
2022/2/17, 47
2022/2/18, 54
2022/2/19, 74
2022/2/20, 53
2022/2/21, 65
2022/2/22, 67
2022/2/23, 81
2022/2/24, 74
2022/2/25, 74
2022/2/26, 78
2022/2/27, 90
2022/2/28, 98
2022/3/1, 102
2022/3/2, 77
2022/3/3, 89
2022/3/4, 119
2022/3/5, 77
2022/3/6, 27
2022/3/7, 53
2022/3/8, 47
2022/3/9, 57
2022/3/10, 51
2022/3/11, 59
2022/3/12, 74
2022/3/13, 121
2022/3/14, 143
2022/3/15, 74
2022/3/16, 61
2022/3/17, 70
2022/3/18, 51
2022/3/19, 57
2022/3/20, 60
2022/3/21, 41
2022/3/22, 37
2022/3/23, 67
2022/3/24, 80
2022/3/25, 63
2022/3/26, 78
2022/3/27, 61
2022/3/28, 59
2022/3/29, 103
2022/3/30, 134
2022/3/31, 168
2021/12/28, 61
2021/12/29, 72
2021/12/30, 91
2021/12/31, 63
2022/1/1, 53
2022/1/2, 36